Student_height,Student_weight
145.58702234733374,170.81723251937595
139.2022742415592,198.00037694488668
190.52458664489595,195.0600895695741
147.3697954036125,140.80475319939748
167.13787255271964,165.06290825317427
